constraint_name,source_table,source_column,target_table,target_column,delete_rule,update_rule
,redcap_actions,survey_id,redcap_surveys,survey_id,CASCADE,CASCADE
,redcap_ai_log,user_id,redcap_user_information,ui_id,SET NULL,CASCADE
,redcap_alerts,project_id,redcap_projects,project_id,CASCADE,CASCADE
,redcap_alerts_recurrence,event_id,redcap_events_metadata,event_id,CASCADE,CASCADE
,redcap_alerts_sent,event_id,redcap_events_metadata,event_id,CASCADE,CASCADE
,redcap_alerts_sent_log,alert_sent_id,redcap_alerts_sent,alert_sent_id,CASCADE,CASCADE
,redcap_auth,password_question,redcap_auth_questions,qid,SET NULL,CASCADE
,redcap_cache,project_id,redcap_projects,project_id,CASCADE,CASCADE
,redcap_cde_field_mapping,project_id,redcap_projects,project_id,CASCADE,CASCADE
,redcap_crons,external_module_id,redcap_external_modules,external_module_id,CASCADE,CASCADE
,redcap_crons_datediff,project_id,redcap_projects,project_id,CASCADE,CASCADE
,redcap_crons_history,cron_id,redcap_crons,cron_id,SET NULL,CASCADE
,redcap_custom_queries_folders_items,qid,redcap_custom_queries,qid,CASCADE,CASCADE
,redcap_data_access_groups,project_id,redcap_projects,project_id,CASCADE,CASCADE
,redcap_data_access_groups_users,project_id,redcap_projects,project_id,CASCADE,CASCADE
,redcap_data_dictionaries,ui_id,redcap_user_information,ui_id,SET NULL,CASCADE
,redcap_data_import,user_id,redcap_user_information,ui_id,SET NULL,CASCADE
,redcap_data_import_rows,import_id,redcap_data_import,import_id,CASCADE,CASCADE
,redcap_data_quality_resolutions,user_id,redcap_user_information,ui_id,SET NULL,CASCADE
,redcap_data_quality_rules,project_id,redcap_projects,project_id,CASCADE,CASCADE
,redcap_data_quality_status,rule_id,redcap_data_quality_rules,rule_id,CASCADE,CASCADE
,redcap_ddp_log_view,user_id,redcap_user_information,ui_id,SET NULL,CASCADE
,redcap_ddp_log_view_data,ml_id,redcap_ddp_log_view,ml_id,CASCADE,CASCADE
,redcap_ddp_mapping,project_id,redcap_projects,project_id,CASCADE,CASCADE
,redcap_ddp_preview_fields,project_id,redcap_projects,project_id,CASCADE,CASCADE
,redcap_ddp_records,project_id,redcap_projects,project_id,CASCADE,CASCADE
,redcap_ddp_records_data,mr_id,redcap_ddp_records,mr_id,CASCADE,CASCADE
,redcap_descriptive_popups,project_id,redcap_projects,project_id,CASCADE,CASCADE
,redcap_docs,project_id,redcap_projects,project_id,CASCADE,CASCADE
,redcap_docs_attachments,docs_id,redcap_docs,docs_id,CASCADE,CASCADE
,redcap_docs_folders,role_id,redcap_user_roles,role_id,CASCADE,CASCADE
,redcap_docs_folders_files,folder_id,redcap_docs_folders,folder_id,CASCADE,CASCADE
,redcap_docs_share,docs_id,redcap_docs,docs_id,CASCADE,CASCADE
,redcap_docs_to_edocs,docs_id,redcap_docs,docs_id,CASCADE,CASCADE
,redcap_econsent,survey_id,redcap_surveys,survey_id,CASCADE,CASCADE
,redcap_econsent_forms,uploader,redcap_user_information,ui_id,SET NULL,CASCADE
,redcap_edocs_data_mapping,project_id,redcap_projects,project_id,CASCADE,CASCADE
,redcap_edocs_metadata,project_id,redcap_projects,project_id,SET NULL,CASCADE
,redcap_ehr_access_tokens,token_owner,redcap_user_information,ui_id,CASCADE,CASCADE
,redcap_ehr_datamart_revisions,user_id,redcap_user_information,ui_id,CASCADE,CASCADE
,redcap_ehr_fhir_logs,user_id,redcap_user_information,ui_id,CASCADE,CASCADE
,redcap_ehr_import_counts,project_id,redcap_projects,project_id,CASCADE,CASCADE
,redcap_ehr_resource_import_details,ehr_import_count_id,redcap_ehr_resource_imports,id,CASCADE,CASCADE
,redcap_ehr_resource_imports,project_id,redcap_projects,project_id,CASCADE,CASCADE
,redcap_ehr_token_rules,user_id,redcap_user_information,ui_id,CASCADE,CASCADE
,redcap_ehr_user_map,ehr_id,redcap_ehr_settings,ehr_id,SET NULL,CASCADE
,redcap_ehr_user_projects,redcap_userid,redcap_user_information,ui_id,CASCADE,CASCADE
,redcap_email_users_messages,sent_by,redcap_user_information,ui_id,CASCADE,CASCADE
,redcap_error_log,log_view_id,redcap_log_view,log_view_id,CASCADE,CASCADE
,redcap_esignatures,project_id,redcap_projects,project_id,CASCADE,CASCADE
,redcap_events_arms,project_id,redcap_projects,project_id,CASCADE,CASCADE
,redcap_events_calendar,project_id,redcap_projects,project_id,CASCADE,CASCADE
,redcap_events_calendar_feed,userid,redcap_user_information,ui_id,CASCADE,CASCADE
,redcap_events_forms,event_id,redcap_events_metadata,event_id,CASCADE,CASCADE
,redcap_events_metadata,arm_id,redcap_events_arms,arm_id,CASCADE,CASCADE
,redcap_events_repeat,event_id,redcap_events_metadata,event_id,CASCADE,CASCADE
,redcap_external_links,project_id,redcap_projects,project_id,CASCADE,CASCADE
,redcap_external_links_dags,group_id,redcap_data_access_groups,group_id,CASCADE,CASCADE
,redcap_external_links_exclude_projects,project_id,redcap_projects,project_id,CASCADE,CASCADE
,redcap_external_links_users,ext_id,redcap_external_links,ext_id,CASCADE,CASCADE
,redcap_external_module_settings,project_id,redcap_projects,project_id,CASCADE,CASCADE
,redcap_external_modules_log_parameters,log_id,redcap_external_modules_log,log_id,CASCADE,CASCADE
,redcap_folders,ui_id,redcap_user_information,ui_id,CASCADE,CASCADE
,redcap_folders_projects,ui_id,redcap_user_information,ui_id,CASCADE,CASCADE
,redcap_form_display_logic_conditions,project_id,redcap_projects,project_id,CASCADE,CASCADE
,redcap_form_display_logic_targets,event_id,redcap_events_metadata,event_id,CASCADE,CASCADE
,redcap_forms,project_id,redcap_projects,project_id,CASCADE,CASCADE
,redcap_forms_temp,project_id,redcap_projects,project_id,CASCADE,CASCADE
,redcap_instrument_zip,iza_id,redcap_instrument_zip_authors,iza_id,CASCADE,CASCADE
,redcap_library_map,project_id,redcap_projects,project_id,CASCADE,CASCADE
,redcap_locking_data,project_id,redcap_projects,project_id,CASCADE,CASCADE
,redcap_locking_labels,project_id,redcap_projects,project_id,CASCADE,CASCADE
,redcap_locking_records,project_id,redcap_projects,project_id,CASCADE,CASCADE
,redcap_locking_records_pdf_archive,project_id,redcap_projects,project_id,CASCADE,CASCADE
,redcap_log_view_requests,ui_id,redcap_user_information,ui_id,SET NULL,CASCADE
,redcap_messages,thread_id,redcap_messages_threads,thread_id,CASCADE,CASCADE
,redcap_messages_recipients,thread_id,redcap_messages_threads,thread_id,CASCADE,CASCADE
,redcap_messages_status,recipient_user_id,redcap_user_information,ui_id,CASCADE,CASCADE
,redcap_messages_threads,project_id,redcap_projects,project_id,SET NULL,CASCADE
,redcap_metadata,project_id,redcap_projects,project_id,CASCADE,CASCADE
,redcap_metadata_archive,project_id,redcap_projects,project_id,CASCADE,CASCADE
,redcap_metadata_prod_revisions,ui_id_requester,redcap_user_information,ui_id,SET NULL,CASCADE
,redcap_metadata_temp,project_id,redcap_projects,project_id,CASCADE,CASCADE
,redcap_mobile_app_devices,project_id,redcap_projects,project_id,CASCADE,CASCADE
,redcap_mobile_app_files,user_id,redcap_user_information,ui_id,SET NULL,CASCADE
,redcap_mobile_app_log,ui_id,redcap_user_information,ui_id,SET NULL,CASCADE
,redcap_multilanguage_config,project_id,redcap_projects,project_id,CASCADE,CASCADE
,redcap_multilanguage_config_temp,project_id,redcap_projects,project_id,CASCADE,CASCADE
,redcap_multilanguage_metadata,project_id,redcap_projects,project_id,CASCADE,CASCADE
,redcap_multilanguage_metadata_temp,project_id,redcap_projects,project_id,CASCADE,CASCADE
,redcap_multilanguage_snapshots,project_id,redcap_projects,project_id,CASCADE,CASCADE
,redcap_multilanguage_ui,project_id,redcap_projects,project_id,CASCADE,CASCADE
,redcap_multilanguage_ui_temp,project_id,redcap_projects,project_id,CASCADE,CASCADE
,redcap_mycap_aboutpages,project_id,redcap_projects,project_id,CASCADE,CASCADE
,redcap_mycap_contacts,project_id,redcap_projects,project_id,CASCADE,CASCADE
,redcap_mycap_links,project_id,redcap_projects,project_id,CASCADE,CASCADE
,redcap_mycap_message_notifications,project_id,redcap_projects,project_id,CASCADE,CASCADE
,redcap_mycap_messages,project_id,redcap_projects,project_id,CASCADE,CASCADE
,redcap_mycap_participants,project_id,redcap_projects,project_id,CASCADE,CASCADE
,redcap_mycap_projectfiles,project_code,redcap_mycap_projects,code,CASCADE,CASCADE
,redcap_mycap_projects,project_id,redcap_projects,project_id,CASCADE,CASCADE
,redcap_mycap_syncissuefiles,uuid,redcap_mycap_syncissues,uuid,CASCADE,CASCADE
,redcap_mycap_syncissues,event_id,redcap_events_metadata,event_id,CASCADE,CASCADE
,redcap_mycap_tasks,project_id,redcap_projects,project_id,CASCADE,CASCADE
,redcap_mycap_tasks_schedules,task_id,redcap_mycap_tasks,task_id,CASCADE,CASCADE
,redcap_mycap_themes,project_id,redcap_projects,project_id,CASCADE,CASCADE
,redcap_new_record_cache,project_id,redcap_projects,project_id,CASCADE,CASCADE
,redcap_outgoing_email_sms_identifiers,ssq_id,redcap_surveys_scheduler_queue,ssq_id,CASCADE,CASCADE
,redcap_outgoing_email_sms_log,project_id,redcap_projects,project_id,CASCADE,CASCADE
,redcap_pdf_image_cache,pdf_doc_id,redcap_edocs_metadata,doc_id,CASCADE,CASCADE
,redcap_pdf_snapshots,trigger_surveycomplete_survey_id,redcap_surveys,survey_id,CASCADE,CASCADE
,redcap_pdf_snapshots_triggered,snapshot_id,redcap_pdf_snapshots,snapshot_id,CASCADE,CASCADE
,redcap_project_checklist,project_id,redcap_projects,project_id,CASCADE,CASCADE
,redcap_project_dashboards,project_id,redcap_projects,project_id,CASCADE,CASCADE
,redcap_project_dashboards_access_dags,group_id,redcap_data_access_groups,group_id,CASCADE,CASCADE
,redcap_project_dashboards_access_roles,role_id,redcap_user_roles,role_id,CASCADE,CASCADE
,redcap_project_dashboards_access_users,dash_id,redcap_project_dashboards,dash_id,CASCADE,CASCADE
,redcap_project_dashboards_folders,project_id,redcap_projects,project_id,CASCADE,CASCADE
,redcap_project_dashboards_folders_items,folder_id,redcap_project_dashboards_folders,folder_id,CASCADE,CASCADE
,redcap_projects,template_id,redcap_projects,project_id,SET NULL,CASCADE
,redcap_projects_templates,project_id,redcap_projects,project_id,CASCADE,CASCADE
,redcap_projects_user_hidden,ui_id,redcap_user_information,ui_id,CASCADE,CASCADE
,redcap_pub_articles,pubsrc_id,redcap_pub_sources,pubsrc_id,,
,redcap_pub_authors,article_id,redcap_pub_articles,article_id,CASCADE,CASCADE
,redcap_pub_matches,project_id,redcap_projects,project_id,,CASCADE
,redcap_pub_mesh_terms,article_id,redcap_pub_articles,article_id,CASCADE,CASCADE
,redcap_randomization,trigger_event_id,redcap_events_metadata,event_id,SET NULL,CASCADE
,redcap_randomization_allocation,rid,redcap_randomization,rid,CASCADE,CASCADE
,redcap_record_background_delete,user_id,redcap_user_information,ui_id,CASCADE,CASCADE
,redcap_record_background_delete_items,delete_id,redcap_record_background_delete,delete_id,CASCADE,CASCADE
,redcap_record_counts,project_id,redcap_projects,project_id,CASCADE,CASCADE
,redcap_record_dashboards,sort_event_id,redcap_events_metadata,event_id,CASCADE,CASCADE
,redcap_record_list,project_id,redcap_projects,project_id,CASCADE,CASCADE
,redcap_reports,project_id,redcap_projects,project_id,CASCADE,CASCADE
,redcap_reports_access_dags,report_id,redcap_reports,report_id,CASCADE,CASCADE
,redcap_reports_access_roles,role_id,redcap_user_roles,role_id,CASCADE,CASCADE
,redcap_reports_access_users,report_id,redcap_reports,report_id,CASCADE,CASCADE
,redcap_reports_ai_prompts,report_id,redcap_reports,report_id,CASCADE,CASCADE
,redcap_reports_edit_access_dags,report_id,redcap_reports,report_id,CASCADE,CASCADE
,redcap_reports_edit_access_roles,role_id,redcap_user_roles,role_id,CASCADE,CASCADE
,redcap_reports_edit_access_users,report_id,redcap_reports,report_id,CASCADE,CASCADE
,redcap_reports_fields,report_id,redcap_reports,report_id,CASCADE,CASCADE
,redcap_reports_filter_dags,report_id,redcap_reports,report_id,CASCADE,CASCADE
,redcap_reports_filter_events,report_id,redcap_reports,report_id,CASCADE,CASCADE
,redcap_reports_folders,project_id,redcap_projects,project_id,CASCADE,CASCADE
,redcap_reports_folders_items,report_id,redcap_reports,report_id,CASCADE,CASCADE
,redcap_rewards_access_token,provider_id,redcap_rewards_providers,provider_id,CASCADE,CASCADE
,redcap_rewards_actions,project_id,redcap_projects,project_id,SET NULL,CASCADE
,redcap_rewards_emails,sent_by,redcap_user_information,ui_id,SET NULL,NO ACTION
,redcap_rewards_logs,project_id,redcap_projects,project_id,NO ACTION,NO ACTION
,redcap_rewards_orders,reward_option_id,redcap_rewards_reward_option,reward_option_id,SET NULL,CASCADE
,redcap_rewards_project_providers,provider_id,redcap_rewards_providers,provider_id,CASCADE,CASCADE
,redcap_rewards_project_settings,project_id,redcap_projects,project_id,CASCADE,CASCADE
,redcap_rewards_reward_option,project_id,redcap_projects,project_id,,
,redcap_rewards_settings,provider_id,redcap_rewards_providers,provider_id,CASCADE,CASCADE
,redcap_rewards_user_permissions,user_id,redcap_user_information,ui_id,CASCADE,CASCADE
,redcap_sendit_recipients,document_id,redcap_sendit_docs,document_id,CASCADE,CASCADE
,redcap_surveys,theme,redcap_surveys_themes,theme_id,SET NULL,CASCADE
,redcap_surveys_emails,survey_id,redcap_surveys,survey_id,CASCADE,CASCADE
,redcap_surveys_emails_recipients,participant_id,redcap_surveys_participants,participant_id,CASCADE,CASCADE
,redcap_surveys_erase_twilio_log,project_id,redcap_projects,project_id,CASCADE,CASCADE
,redcap_surveys_login,response_id,redcap_surveys_response,response_id,CASCADE,CASCADE
,redcap_surveys_participants,survey_id,redcap_surveys,survey_id,CASCADE,CASCADE
,redcap_surveys_pdf_archive,survey_id,redcap_surveys,survey_id,CASCADE,CASCADE
,redcap_surveys_phone_codes,project_id,redcap_projects,project_id,CASCADE,CASCADE
,redcap_surveys_queue,survey_id,redcap_surveys,survey_id,CASCADE,CASCADE
,redcap_surveys_queue_hashes,project_id,redcap_projects,project_id,CASCADE,CASCADE
,redcap_surveys_response,participant_id,redcap_surveys_participants,participant_id,CASCADE,CASCADE
,redcap_surveys_scheduler,survey_id,redcap_surveys,survey_id,CASCADE,CASCADE
,redcap_surveys_scheduler_queue,ss_id,redcap_surveys_scheduler,ss_id,SET NULL,CASCADE
,redcap_surveys_scheduler_recurrence,ss_id,redcap_surveys_scheduler,ss_id,CASCADE,CASCADE
,redcap_surveys_short_codes,participant_id,redcap_surveys_participants,participant_id,CASCADE,CASCADE
,redcap_surveys_themes,ui_id,redcap_user_information,ui_id,CASCADE,CASCADE
,redcap_todo_list,request_from,redcap_user_information,ui_id,SET NULL,CASCADE
,redcap_twilio_credentials_temp,request_id,redcap_todo_list,request_id,CASCADE,CASCADE
,redcap_twilio_error_log,ssq_id,redcap_surveys_scheduler_queue,ssq_id,CASCADE,CASCADE
,redcap_two_factor_response,user_id,redcap_user_information,ui_id,CASCADE,CASCADE
,redcap_user_rights,role_id,redcap_user_roles,role_id,SET NULL,CASCADE
,redcap_user_roles,project_id,redcap_projects,project_id,CASCADE,CASCADE
,redcap_web_service_cache,project_id,redcap_projects,project_id,CASCADE,CASCADE
